{
  "combined": {
    "mmr": {
      "count": 300,
      "accuracy": 0.86,
      "tokens": {},
      "response_time": {
        "mean": 1.7285308559735617,
        "std": 0.8159535995799901
      },
      "selection_time": {
        "mean": 0.00948771635691325,
        "std": 0.0051656919662354086
      },
      "total_latency": {
        "mean": 1.7380185723304749,
        "std": 0.8158563347870983
      }
    }
  }
}