{
  "gsm8k": {
    "random": {
      "count": 50,
      "accuracy": 0.9,
      "tokens": {},
      "response_time": {
        "mean": 2.578752121925354,
        "std": 1.2933992983341112
      }
    }
  }
}