{
  "gsm8k": {
    "random": {
      "count": 100,
      "accuracy": 0.9,
      "tokens": {},
      "response_time": {
        "mean": 4.349352877140046,
        "std": 1.9532056492624745
      },
      "selection_time": {
        "mean": 2.634286880493164e-05,
        "std": 2.237466705729624e-05
      },
      "total_latency": {
        "mean": 4.34937922000885,
        "std": 1.9532057381535426
      }
    }
  }
}