{
  "combined": {
    "random": {
      "count": 300,
      "accuracy": 0.8566666666666667,
      "tokens": {},
      "response_time": {
        "mean": 1.3681602875391643,
        "std": 0.3767153875656064
      },
      "selection_time": {
        "mean": 2.5725364685058595e-05,
        "std": 1.0461517716421793e-05
      },
      "total_latency": {
        "mean": 1.3681860129038492,
        "std": 0.3767148742820125
      }
    }
  }
}