{
  "combined": {
    "cm-mmr": {
      "count": 10,
      "accuracy": 0.9,
      "tokens": {},
      "response_time": {
        "mean": 2.75623414516449,
        "std": 0.8458061100912028
      },
      "selection_time": {
        "mean": 0.0014845371246337891,
        "std": 0.0002489095091459243
      },
      "total_latency": {
        "mean": 2.7577186822891235,
        "std": 0.8456358341549699
      }
    }
  }
}