{
  "combined": {
    "random": {
      "count": 300,
      "accuracy": 0.5666666666666667,
      "tokens": {},
      "response_time": {
        "mean": 1.7896769110361734,
        "std": 0.5350415034567668
      },
      "selection_time": {
        "mean": 2.180178960164388e-05,
        "std": 1.0497845375870074e-05
      },
      "total_latency": {
        "mean": 1.789698712825775,
        "std": 0.5350409377860319
      }
    }
  }
}