{
  "combined": {
    "random": {
      "count": 300,
      "accuracy": 0.81,
      "tokens": {},
      "response_time": {
        "mean": 1.3810581811269125,
        "std": 0.48229825165944856
      },
      "selection_time": {
        "mean": 2.1530787150065105e-05,
        "std": 1.1346341559803901e-05
      },
      "total_latency": {
        "mean": 1.3810797119140625,
        "std": 0.48229955318633294
      }
    }
  }
}