{
  "k_values": [
    1,
    2,
    3,
    4,
    5,
    6,
    7,
    8,
    9,
    10,
    11,
    12,
    13,
    14,
    15
  ],
  "wcss_values": [
    199.85891192340466,
    195.56683382076938,
    192.65620300571504,
    189.67353790077578,
    186.7107762711153,
    184.57928285898478,
    181.669427703111,
    178.98406264018686,
    176.09150234919886,
    173.8749978476785,
    171.78388896663114,
    169.46405088478016,
    167.5064619810639,
    164.04289713407698,
    160.4211960030883
  ],
  "suggested_optimal_k": 4
}