{
  "gsm8k": {
    "mmr": {
      "count": 100,
      "accuracy": 0.87,
      "tokens": {},
      "response_time": {
        "mean": 4.496386885643005,
        "std": 2.1741841358967453
      },
      "selection_time": {
        "mean": 0.0021026110649108886,
        "std": 0.0011321663419249651
      },
      "total_latency": {
        "mean": 4.498489496707916,
        "std": 2.1742245120085646
      }
    }
  }
}