{
  "combined": {
    "random": {
      "count": 300,
      "accuracy": 0.8633333333333333,
      "tokens": {},
      "response_time": {
        "mean": 5.472222207387288,
        "std": 37.118373992444845
      },
      "selection_time": {
        "mean": 1.4650821685791016e-05,
        "std": 1.259146130361088e-05
      },
      "total_latency": {
        "mean": 5.472236858208974,
        "std": 37.11837376307505
      }
    }
  }
}