{
  "combined": {
    "mmr": {
      "count": 300,
      "accuracy": 0.8466666666666667,
      "tokens": {},
      "response_time": {
        "mean": 1.581158017317454,
        "std": 0.5931431260357689
      },
      "selection_time": {
        "mean": 0.009124693870544433,
        "std": 0.0027729722864573317
      },
      "total_latency": {
        "mean": 1.5902827111879985,
        "std": 0.593302576069961
      }
    }
  }
}