{
  "combined": {
    "mmr": {
      "count": 100,
      "accuracy": 0.97,
      "tokens": {},
      "response_time": {
        "mean": 1.253103220462799,
        "std": 0.37452839162303353
      },
      "selection_time": {
        "mean": 0.007344467639923096,
        "std": 0.0020242269345678056
      },
      "total_latency": {
        "mean": 1.2604476881027222,
        "std": 0.37472130860663194
      }
    }
  }
}