{
  "gsm8k": {
    "kmeans": {
      "count": 100,
      "accuracy": 0.89,
      "tokens": {},
      "response_time": {
        "mean": 4.213082196712494,
        "std": 1.776431453455028
      },
      "selection_time": {
        "mean": 0.00012215137481689454,
        "std": 0.00017047520768887018
      },
      "total_latency": {
        "mean": 4.213204348087311,
        "std": 1.7764881713975074
      }
    }
  }
}