{
  "combined": {
    "mmr": {
      "count": 100,
      "accuracy": 0.96,
      "tokens": {},
      "response_time": {
        "mean": 1.2869169425964355,
        "std": 0.452348503202521
      },
      "selection_time": {
        "mean": 0.007090861797332764,
        "std": 0.0013958581938602437
      },
      "total_latency": {
        "mean": 1.2940078043937684,
        "std": 0.45241372806551694
      }
    }
  }
}