{
  "combined": {
    "similarity": {
      "count": 300,
      "accuracy": 0.8333333333333334,
      "tokens": {},
      "response_time": {
        "mean": 1.3645768841107686,
        "std": 0.42103622571078486
      },
      "selection_time": {
        "mean": 0.0017971229553222657,
        "std": 0.0004122304841026219
      },
      "total_latency": {
        "mean": 1.3663740070660908,
        "std": 0.42108986753534744
      }
    }
  }
}