{
  "combined": {
    "random": {
      "count": 300,
      "accuracy": 0.8766666666666667,
      "tokens": {},
      "response_time": {
        "mean": 2.176834154923757,
        "std": 0.7762678083720008
      },
      "selection_time": {
        "mean": 2.1114349365234376e-05,
        "std": 8.473794890938252e-06
      },
      "total_latency": {
        "mean": 2.1768552692731222,
        "std": 0.7762684639235652
      }
    }
  }
}