{
  "combined": {
    "cm-mmr": {
      "count": 10,
      "accuracy": 0.3,
      "tokens": {},
      "response_time": {
        "mean": 8.329479837417603,
        "std": 3.030735070463773
      },
      "selection_time": {
        "mean": 0.0015607833862304687,
        "std": 0.00035989807617964456
      },
      "total_latency": {
        "mean": 8.331040620803833,
        "std": 3.0307933691196562
      }
    }
  }
}