{
  "combined": {
    "similarity": {
      "count": 300,
      "accuracy": 0.8466666666666667,
      "tokens": {},
      "response_time": {
        "mean": 1.9475126314163207,
        "std": 5.3438097176099095
      },
      "selection_time": {
        "mean": 0.0022934333483378092,
        "std": 0.008516161531733376
      },
      "total_latency": {
        "mean": 1.9498060647646587,
        "std": 5.343757323423007
      }
    }
  }
}