{
  "combined": {
    "random": {
      "count": 10,
      "accuracy": 1.0,
      "tokens": {},
      "response_time": {
        "mean": 1.6589516162872315,
        "std": 0.6774700562682752
      },
      "selection_time": {
        "mean": 3.309249877929688e-05,
        "std": 1.9955696787979902e-05
      },
      "total_latency": {
        "mean": 1.6589847087860108,
        "std": 0.6774783861644352
      }
    }
  }
}