{
  "combined": {
    "random": {
      "count": 300,
      "accuracy": 0.8333333333333334,
      "tokens": {},
      "response_time": {
        "mean": 3.7377021519343057,
        "std": 34.71239658295836
      },
      "selection_time": {
        "mean": 1.4677047729492188e-05,
        "std": 1.0663186782023743e-05
      },
      "total_latency": {
        "mean": 3.7377168289820353,
        "std": 34.712396450900414
      }
    }
  }
}