{
  "gsm8k": {
    "random": {
      "count": 50,
      "accuracy": 0.9,
      "tokens": {},
      "response_time": {
        "mean": 2.481678876876831,
        "std": 0.7453465568671406
      }
    }
  }
}