{
  "combined": {
    "mmr": {
      "count": 300,
      "accuracy": 0.8466666666666667,
      "tokens": {},
      "response_time": {
        "mean": 1.6087302382787068,
        "std": 0.7546275443310708
      },
      "selection_time": {
        "mean": 0.007190318902333578,
        "std": 0.0019910471159003107
      },
      "total_latency": {
        "mean": 1.6159205571810404,
        "std": 0.7547300874760461
      }
    }
  }
}