{
  "combined": {
    "random": {
      "count": 300,
      "accuracy": 0.8133333333333334,
      "tokens": {},
      "response_time": {
        "mean": 1.408570836385091,
        "std": 0.538021468779991
      },
      "selection_time": {
        "mean": 2.1922588348388673e-05,
        "std": 7.5972600816746995e-06
      },
      "total_latency": {
        "mean": 1.4085927589734395,
        "std": 0.5380216697150503
      }
    }
  }
}