{
  "combined": {
    "hdbscan": {
      "count": 300,
      "accuracy": 0.85,
      "tokens": {},
      "response_time": {
        "mean": 1.4254588309923808,
        "std": 0.49135035149750705
      },
      "selection_time": {
        "mean": 0.00020470301310221355,
        "std": 3.858030990059773e-05
      },
      "total_latency": {
        "mean": 1.425663534005483,
        "std": 0.4913505667070707
      }
    }
  }
}