{
  "combined": {
    "mmr": {
      "count": 100,
      "accuracy": 0.98,
      "tokens": {},
      "response_time": {
        "mean": 1.3532966732978822,
        "std": 0.4999773644807427
      },
      "selection_time": {
        "mean": 0.00767730712890625,
        "std": 0.002323711830193849
      },
      "total_latency": {
        "mean": 1.3609739804267884,
        "std": 0.49984169835970954
      }
    }
  }
}