{
  "gsm8k": {
    "random": {
      "count": 100,
      "accuracy": 0.85,
      "tokens": {},
      "response_time": {
        "mean": 1.5342403507232667,
        "std": 0.48630869224093476
      },
      "selection_time": {
        "mean": 2.6285648345947266e-05,
        "std": 2.3670504943835475e-05
      },
      "total_latency": {
        "mean": 1.5342666363716126,
        "std": 0.4863076207141641
      }
    }
  }
}