{
  "combined": {
    "cm-mmr": {
      "count": 5,
      "accuracy": 0.8,
      "tokens": {},
      "response_time": {
        "mean": 3.5119574546813963,
        "std": 1.3921100551786278
      },
      "selection_time": {
        "mean": 0.0012955665588378906,
        "std": 0.0004437412045699113
      },
      "total_latency": {
        "mean": 3.513253021240234,
        "std": 1.3919193457925283
      }
    }
  }
}