{
  "gsm8k": {
    "mmr": {
      "count": 100,
      "accuracy": 0.86,
      "tokens": {},
      "response_time": {
        "mean": 2.252676739692688,
        "std": 0.9320875928607758
      }
    }
  }
}