{
  "combined": {
    "cm-hdbscan-mmr": {
      "count": 300,
      "accuracy": 0.8533333333333334,
      "tokens": {},
      "response_time": {
        "mean": 1.4673029653231302,
        "std": 0.622938940647889
      },
      "selection_time": {
        "mean": 0.0023412609100341795,
        "std": 0.0009330554179390048
      },
      "total_latency": {
        "mean": 1.4696442262331644,
        "std": 0.6229498305856699
      }
    }
  }
}