{
  "commonsenseqa": {
    "cm-mmr": {
      "count": 100,
      "accuracy": 0.72,
      "tokens": {},
      "response_time": {
        "mean": 1.4779251503944397,
        "std": 0.3289846057641433
      },
      "selection_time": {
        "mean": 0.0006596755981445313,
        "std": 0.00017412244962529937
      },
      "total_latency": {
        "mean": 1.4785848259925842,
        "std": 0.3290042536552144
      }
    }
  }
}