{
  "arc": {
    "random": {
      "count": 5,
      "accuracy": 1.0,
      "tokens": {},
      "response_time": {
        "mean": 5.683779859542847,
        "std": 4.618434523401391
      },
      "selection_time": {
        "mean": 3.719329833984375e-05,
        "std": 2.296442506315249e-05
      },
      "total_latency": {
        "mean": 5.683817052841187,
        "std": 4.618426324495267
      }
    }
  }
}