{
  "combined": {
    "hdbscan": {
      "count": 300,
      "accuracy": 0.8433333333333334,
      "tokens": {},
      "response_time": {
        "mean": 1.6065057333310444,
        "std": 0.6886905738070589
      },
      "selection_time": {
        "mean": 0.000333867073059082,
        "std": 0.00023643661294552883
      },
      "total_latency": {
        "mean": 1.6068396004041037,
        "std": 0.6886997416275292
      }
    }
  }
}