{
  "combined": {
    "cm-mmr": {
      "count": 300,
      "accuracy": 0.8433333333333334,
      "tokens": {},
      "response_time": {
        "mean": 1.5161268893877666,
        "std": 2.0512472027472746
      },
      "selection_time": {
        "mean": 0.0016421898206075032,
        "std": 0.0013584709794871306
      },
      "total_latency": {
        "mean": 1.517769079208374,
        "std": 2.051225830237149
      }
    }
  }
}