{
  "commonsenseqa": {
    "mmr": {
      "count": 5,
      "accuracy": 0.8,
      "tokens": {},
      "response_time": {
        "mean": 4.418889760971069,
        "std": 0.7948484140808477
      },
      "selection_time": {
        "mean": 0.0014140605926513672,
        "std": 0.00029423011680472814
      },
      "total_latency": {
        "mean": 4.420303821563721,
        "std": 0.7945892958295745
      }
    }
  }
}