{
  "combined": {
    "mmr": {
      "count": 100,
      "accuracy": 0.99,
      "tokens": {},
      "response_time": {
        "mean": 1.2291901040077209,
        "std": 0.3181388842270138
      },
      "selection_time": {
        "mean": 0.007125296592712402,
        "std": 0.0014519216924740225
      },
      "total_latency": {
        "mean": 1.2363154006004333,
        "std": 0.3184489019114207
      }
    }
  }
}