{
  "combined": {
    "random": {
      "count": 300,
      "accuracy": 0.8433333333333334,
      "tokens": {},
      "response_time": {
        "mean": 1.5017217667897542,
        "std": 0.3498317164048429
      },
      "selection_time": {
        "mean": 4.176457722981771e-05,
        "std": 1.6432277230791744e-05
      },
      "total_latency": {
        "mean": 1.5017635313669842,
        "std": 0.3498316658008489
      }
    }
  }
}