{
  "gsm8k": {
    "random": {
      "count": 50,
      "accuracy": 0.86,
      "tokens": {},
      "response_time": {
        "mean": 2.3633033800125123,
        "std": 0.9109952730066663
      }
    }
  }
}