{
  "combined": {
    "mmr": {
      "count": 300,
      "accuracy": 0.8433333333333334,
      "tokens": {},
      "response_time": {
        "mean": 1.3582965620358785,
        "std": 0.35028216022726144
      },
      "selection_time": {
        "mean": 0.007757124106089274,
        "std": 0.004363183693208819
      },
      "total_latency": {
        "mean": 1.3660536861419679,
        "std": 0.3507051226428935
      }
    }
  }
}