{
  "gsm8k": {
    "random": {
      "count": 100,
      "accuracy": 0.89,
      "tokens": {},
      "response_time": {
        "mean": 4.167089211940765,
        "std": 1.802182575402757
      },
      "selection_time": {
        "mean": 2.1824836730957033e-05,
        "std": 1.0351760212622819e-05
      },
      "total_latency": {
        "mean": 4.167111036777496,
        "std": 1.8021826487278334
      }
    }
  }
}