{
  "combined": {
    "random": {
      "count": 300,
      "accuracy": 0.5766666666666667,
      "tokens": {},
      "response_time": {
        "mean": 3.919053577582041,
        "std": 1.3701207362189542
      },
      "selection_time": {
        "mean": 3.0690828959147134e-05,
        "std": 3.9973360707706256e-05
      },
      "total_latency": {
        "mean": 3.9190842684110008,
        "std": 1.3701234507408278
      }
    }
  }
}