{
  "combined": {
    "random": {
      "count": 300,
      "accuracy": 0.85,
      "tokens": {},
      "response_time": {
        "mean": 2.2147635142008464,
        "std": 1.4142200779115557
      },
      "selection_time": {
        "mean": 2.2477308909098308e-05,
        "std": 1.0098032302551764e-05
      },
      "total_latency": {
        "mean": 2.2147859915097556,
        "std": 1.4142198476319068
      }
    }
  }
}