{
  "gsm8k": {
    "hdbscan": {
      "count": 100,
      "accuracy": 0.9,
      "tokens": {},
      "response_time": {
        "mean": 4.226078236103058,
        "std": 2.5621479725554286
      },
      "selection_time": {
        "mean": 0.00013354063034057618,
        "std": 4.2703642282409096e-05
      },
      "total_latency": {
        "mean": 4.226211776733399,
        "std": 2.5621534649102338
      }
    }
  }
}