{
  "gsm8k": {
    "random": {
      "count": 50,
      "accuracy": 0.84,
      "tokens": {},
      "response_time": {
        "mean": 2.5376502799987795,
        "std": 1.0734883513276963
      }
    }
  }
}