{
  "combined": {
    "random": {
      "count": 300,
      "accuracy": 0.8266666666666667,
      "tokens": {},
      "response_time": {
        "mean": 1.4223262055714925,
        "std": 0.48886054258644884
      },
      "selection_time": {
        "mean": 2.043883005777995e-05,
        "std": 1.1262251599113163e-05
      },
      "total_latency": {
        "mean": 1.4223466444015502,
        "std": 0.48885978709105127
      }
    }
  }
}