{
  "gsm8k": {
    "cm-mmr": {
      "count": 100,
      "accuracy": 0.89,
      "tokens": {},
      "response_time": {
        "mean": 4.519611411094665,
        "std": 2.1058646111350194
      },
      "selection_time": {
        "mean": 0.0011919903755187988,
        "std": 0.0005268519567310663
      },
      "total_latency": {
        "mean": 4.520803401470184,
        "std": 2.105833614657192
      }
    }
  }
}