{
  "combined": {
    "cm-mmr": {
      "count": 300,
      "accuracy": 0.8466666666666667,
      "tokens": {},
      "response_time": {
        "mean": 2.623203389644623,
        "std": 7.445662249784055
      },
      "selection_time": {
        "mean": 0.00302109956741333,
        "std": 0.00640544389876533
      },
      "total_latency": {
        "mean": 2.6262244892120363,
        "std": 7.445531907665166
      }
    }
  }
}