{
  "combined": {
    "mmr": {
      "count": 100,
      "accuracy": 0.97,
      "tokens": {},
      "response_time": {
        "mean": 1.3250316977500916,
        "std": 0.3628940161015454
      },
      "selection_time": {
        "mean": 0.0068514347076416016,
        "std": 0.0009665275580884183
      },
      "total_latency": {
        "mean": 1.3318831324577332,
        "std": 0.36290213108419733
      }
    }
  }
}