{
  "combined": {
    "kmeans": {
      "count": 300,
      "accuracy": 0.5833333333333334,
      "tokens": {},
      "response_time": {
        "mean": 4.262254921595256,
        "std": 2.363971773643901
      },
      "selection_time": {
        "mean": 0.0023534472783406576,
        "std": 0.0007271651414996425
      },
      "total_latency": {
        "mean": 4.2646083688735965,
        "std": 2.363966857156948
      }
    }
  }
}