{
  "combined": {
    "mmr": {
      "count": 300,
      "accuracy": 0.8566666666666667,
      "tokens": {},
      "response_time": {
        "mean": 1.6657610098520914,
        "std": 0.7980200780250473
      },
      "selection_time": {
        "mean": 0.007297504742940267,
        "std": 0.001748750411278453
      },
      "total_latency": {
        "mean": 1.6730585145950316,
        "std": 0.7982942913614977
      }
    }
  }
}