{
  "gsm8k": {
    "random": {
      "count": 5,
      "accuracy": 0.8,
      "tokens": {},
      "response_time": {
        "mean": 3.959470796585083,
        "std": 0.7428368767984718
      },
      "selection_time": {
        "mean": 5.245208740234375e-05,
        "std": 5.369131348837554e-05
      },
      "total_latency": {
        "mean": 3.959523248672485,
        "std": 0.7428801372037295
      }
    }
  }
}