{
  "combined": {
    "cm-hdbscan-mmr": {
      "count": 300,
      "accuracy": 0.8633333333333333,
      "tokens": {},
      "response_time": {
        "mean": 1.3060575278600057,
        "std": 0.34546912020233667
      },
      "selection_time": {
        "mean": 0.0018919873237609863,
        "std": 0.0035900333565906098
      },
      "total_latency": {
        "mean": 1.3079495151837668,
        "std": 0.34555390925501867
      }
    }
  }
}