{
  "combined": {
    "mmr": {
      "count": 100,
      "accuracy": 0.96,
      "tokens": {},
      "response_time": {
        "mean": 1.3595996069908143,
        "std": 0.8658284428322228
      },
      "selection_time": {
        "mean": 0.007533299922943115,
        "std": 0.0014143861955655114
      },
      "total_latency": {
        "mean": 1.3671329069137572,
        "std": 0.8658776899934781
      }
    }
  }
}