{
  "combined": {
    "cm-mmr": {
      "count": 300,
      "accuracy": 0.8766666666666667,
      "tokens": {},
      "response_time": {
        "mean": 1.927806128660838,
        "std": 0.5113441091105634
      },
      "selection_time": {
        "mean": 0.0014671158790588378,
        "std": 0.0003636908337635205
      },
      "total_latency": {
        "mean": 1.9292732445398966,
        "std": 0.511390610046891
      }
    }
  }
}