{
  "combined": {
    "mmr": {
      "count": 100,
      "accuracy": 0.95,
      "tokens": {},
      "response_time": {
        "mean": 1.3822117829322815,
        "std": 0.9170631856539254
      },
      "selection_time": {
        "mean": 0.007279448509216309,
        "std": 0.0028383872245627195
      },
      "total_latency": {
        "mean": 1.3894912314414978,
        "std": 0.9170303003382649
      }
    }
  }
}