{
  "combined": {
    "random": {
      "count": 300,
      "accuracy": 0.82,
      "tokens": {},
      "response_time": {
        "mean": 2.1527929814656575,
        "std": 2.1275256098815616
      },
      "selection_time": {
        "mean": 2.1634896596272788e-05,
        "std": 1.1838667705889171e-05
      },
      "total_latency": {
        "mean": 2.152814616362254,
        "std": 2.127525511441581
      }
    }
  }
}