{
  "combined": {
    "mmr": {
      "count": 300,
      "accuracy": 0.8266666666666667,
      "tokens": {},
      "response_time": {
        "mean": 1.677529448668162,
        "std": 0.7067343501648563
      },
      "selection_time": {
        "mean": 0.0076555236180623374,
        "std": 0.002711290861306035
      },
      "total_latency": {
        "mean": 1.6851849722862244,
        "std": 0.7066284621144783
      }
    }
  }
}