{
  "combined": {
    "mmr": {
      "count": 300,
      "accuracy": 0.8433333333333334,
      "tokens": {},
      "response_time": {
        "mean": 1.6599790239334107,
        "std": 0.5080766524412096
      },
      "selection_time": {
        "mean": 0.00884293794631958,
        "std": 0.00475149585075601
      },
      "total_latency": {
        "mean": 1.6688219618797302,
        "std": 0.507692289763247
      }
    }
  }
}