{
  "combined": {
    "random": {
      "count": 300,
      "accuracy": 0.8166666666666667,
      "tokens": {},
      "response_time": {
        "mean": 1.446566592057546,
        "std": 0.4879821609865388
      },
      "selection_time": {
        "mean": 3.1925042470296225e-05,
        "std": 1.7091275932546214e-05
      },
      "total_latency": {
        "mean": 1.4465985171000162,
        "std": 0.48798152768402375
      }
    }
  }
}