{
  "combined": {
    "mmr": {
      "count": 100,
      "accuracy": 0.98,
      "tokens": {},
      "response_time": {
        "mean": 1.2749964165687562,
        "std": 0.4301107572613788
      },
      "selection_time": {
        "mean": 0.007284095287322998,
        "std": 0.0027961563548800483
      },
      "total_latency": {
        "mean": 1.2822805118560792,
        "std": 0.43021724421786617
      }
    }
  }
}