{
  "combined": {
    "mmr": {
      "count": 100,
      "accuracy": 0.96,
      "tokens": {},
      "response_time": {
        "mean": 1.3835414934158325,
        "std": 0.6450868220999665
      },
      "selection_time": {
        "mean": 0.009165816307067871,
        "std": 0.015332086425823685
      },
      "total_latency": {
        "mean": 1.3927073097229004,
        "std": 0.6456108462340762
      }
    }
  }
}