{
  "commonsenseqa": {
    "mmr": {
      "count": 5,
      "accuracy": 0.0,
      "tokens": {},
      "response_time": {
        "mean": 3.674265241622925,
        "std": 1.1031117286470702
      },
      "selection_time": {
        "mean": 0.0015307903289794923,
        "std": 0.00023672771496310906
      },
      "total_latency": {
        "mean": 3.6757960319519043,
        "std": 1.103001922583895
      }
    }
  }
}