{
  "combined": {
    "mmr": {
      "count": 100,
      "accuracy": 0.97,
      "tokens": {},
      "response_time": {
        "mean": 1.3721724581718444,
        "std": 0.40165009021960585
      },
      "selection_time": {
        "mean": 0.007083926200866699,
        "std": 0.0014331251820685384
      },
      "total_latency": {
        "mean": 1.3792563843727113,
        "std": 0.40187476650326165
      }
    }
  }
}