{
  "combined": {
    "mmr": {
      "count": 300,
      "accuracy": 0.8633333333333333,
      "tokens": {},
      "response_time": {
        "mean": 1.5825558749834696,
        "std": 0.6626448800383065
      },
      "selection_time": {
        "mean": 0.008092936674753824,
        "std": 0.000968066704534303
      },
      "total_latency": {
        "mean": 1.5906488116582234,
        "std": 0.6626616382325656
      }
    }
  }
}