{
  "combined": {
    "mmr": {
      "count": 300,
      "accuracy": 0.8333333333333334,
      "tokens": {},
      "response_time": {
        "mean": 4.021462110678355,
        "std": 25.08499782091611
      },
      "selection_time": {
        "mean": 0.0068548846244812014,
        "std": 0.0010398187286680917
      },
      "total_latency": {
        "mean": 4.028316995302836,
        "std": 25.084966913557718
      }
    }
  }
}