{
  "commonsenseqa": {
    "mmr": {
      "count": 5,
      "accuracy": 0.4,
      "tokens": {},
      "response_time": {
        "mean": 3.967980670928955,
        "std": 1.0453575912244033
      },
      "selection_time": {
        "mean": 0.0014525413513183593,
        "std": 0.0002162948408402393
      },
      "total_latency": {
        "mean": 3.9694332122802733,
        "std": 1.0452160637128296
      }
    }
  }
}