{
  "combined": {
    "kmeans": {
      "count": 300,
      "accuracy": 0.8266666666666667,
      "tokens": {},
      "response_time": {
        "mean": 1.5736491044362386,
        "std": 1.8963867361683022
      },
      "selection_time": {
        "mean": 8.170763651529948e-05,
        "std": 1.7273439478668333e-05
      },
      "total_latency": {
        "mean": 1.573730812072754,
        "std": 1.8963867882875842
      }
    }
  }
}