{
  "combined": {
    "random": {
      "count": 300,
      "accuracy": 0.8533333333333334,
      "tokens": {},
      "response_time": {
        "mean": 4.361072187423706,
        "std": 21.862142629387925
      },
      "selection_time": {
        "mean": 2.1765232086181642e-05,
        "std": 1.1537616607742463e-05
      },
      "total_latency": {
        "mean": 4.361093952655792,
        "std": 21.862142390748193
      }
    }
  }
}