{
  "arc": {
    "random": {
      "count": 100,
      "accuracy": 0.96,
      "tokens": {},
      "response_time": {
        "mean": 1.3021524691581725,
        "std": 0.2973145122003343
      },
      "selection_time": {
        "mean": 2.176046371459961e-05,
        "std": 7.324986517802823e-06
      },
      "total_latency": {
        "mean": 1.3021742296218872,
        "std": 0.2973158669406256
      }
    }
  }
}