{
  "combined": {
    "random": {
      "count": 300,
      "accuracy": 0.8433333333333334,
      "tokens": {},
      "response_time": {
        "mean": 1.5780931385358175,
        "std": 0.6781037331373061
      },
      "selection_time": {
        "mean": 2.794504165649414e-05,
        "std": 5.642865404921471e-05
      },
      "total_latency": {
        "mean": 1.578121083577474,
        "std": 0.6781095040658385
      }
    }
  }
}