{
  "combined": {
    "kmeans": {
      "count": 300,
      "accuracy": 0.831081081081081,
      "tokens": {},
      "response_time": {
        "mean": 1.4901484935670286,
        "std": 0.6844958342305689
      },
      "selection_time": {
        "mean": 0.00010825170053018105,
        "std": 0.00023265118003006505
      },
      "total_latency": {
        "mean": 1.4902567452675588,
        "std": 0.6844958605527987
      }
    }
  }
}