{
  "arc": {
    "random": {
      "count": 5,
      "accuracy": 0.0,
      "tokens": {},
      "response_time": {
        "mean": 3.315140438079834,
        "std": 0.35680653398025786
      },
      "selection_time": {
        "mean": 7.987022399902344e-05,
        "std": 7.192836042024545e-05
      },
      "total_latency": {
        "mean": 3.315220308303833,
        "std": 0.35683823728504865
      }
    }
  }
}