{
  "combined": {
    "mmr": {
      "count": 300,
      "accuracy": 0.8633333333333333,
      "tokens": {},
      "response_time": {
        "mean": 2.0856929564476014,
        "std": 0.7119093562030391
      },
      "selection_time": {
        "mean": 0.006897906462351481,
        "std": 0.000691053075200248
      },
      "total_latency": {
        "mean": 2.0925908629099528,
        "std": 0.711915603519869
      }
    }
  }
}