lambda,accuracy,diversity,selection_time,successful_tests,is_pareto
0.1,0.9,0.7827346,0.0026679039001464844,10,True
0.3,0.9,0.760122,0.005578184127807617,10,False
0.5,0.9,0.65858954,0.0020041704177856446,10,False
0.7,0.9,0.51930773,0.0029189586639404297,10,False
0.9,0.9,0.47345322,0.0021723508834838867,10,False
