lambda,accuracy,avg_selection_time,successful_tests
0.1,0.8566666666666667,0.0021213507652282715,300
0.2,0.8333333333333334,0.002314631144205729,300
0.3,0.8633333333333333,0.002339662710825602,300
0.4,0.85,0.002652618885040283,300
0.5,0.8666666666666667,0.0023431921005249022,300
0.6,0.85,0.0023603645960489908,300
0.7,0.86,0.0022683286666870116,300
0.8,0.8433333333333334,0.0022242212295532225,300
0.9,0.85,0.0023440035184224446,300
