method,accuracy,selection_time_ms,response_time_s,avg_tokens,successful_tests
Random,77.0,126.29585981369019,1.7497420501708985,903.36,100
Similarity,70.0,95.62191963195801,1.8082241702079773,907.93,100
MMR,74.0,96.04862213134766,1.632125494480133,906.73,100
K-means,74.0,95.36139488220215,1.9672594523429872,923.53,100
HDBSCAN,77.0,105.55540561676025,1.7719914293289185,940.38,100
"CM-MMR
(K-means)",75.0,149.2434811592102,1.6264314222335816,896.64,100
"CM-MMR
(HDBSCAN)",79.0,123.39132308959961,1.5465652132034302,910.15,100
