method,accuracy,selection_time_ms,response_time_s,avg_tokens,successful_tests
Zero-shot,63.0,0.0,2.0747674608230593,256.31,100
Random,82.0,197.59058713912964,1.7427187156677246,1031.02,100
Similarity,84.0,156.0836911201477,1.6816330862045288,1051.52,100
MMR,87.0,188.02294254302979,1.6514757418632506,1026.15,100
K-means,84.0,134.6265959739685,1.7014287829399108,1295.95,100
HDBSCAN,82.0,169.42579746246338,1.6746657824516296,996.47,100
"CM-MMR
(K-means)",85.0,176.58213138580322,1.6533165955543518,1032.19,100
"CM-MMR
(HDBSCAN)",81.0,215.83218097686768,1.6421047592163085,1049.22,100
