{
  "combined": {
    "random": {
      "count": 300,
      "accuracy": 0.58,
      "tokens": {},
      "response_time": {
        "mean": 3.5115632899602254,
        "std": 1.3864336970516156
      },
      "selection_time": {
        "mean": 3.6399364471435544e-05,
        "std": 7.961374081079363e-05
      },
      "total_latency": {
        "mean": 3.511599689324697,
        "std": 1.3864357708018071
      }
    }
  }
}