{
  "gsm8k": {
    "random": {
      "count": 50,
      "accuracy": 0.84,
      "tokens": {},
      "response_time": {
        "mean": 2.5172308826446534,
        "std": 0.9350857987140109
      }
    }
  }
}