{
  "combined": {
    "random": {
      "count": 300,
      "accuracy": 0.8233333333333334,
      "tokens": {},
      "response_time": {
        "mean": 1.31699627717336,
        "std": 0.4507315461621509
      },
      "selection_time": {
        "mean": 2.0568370819091796e-05,
        "std": 1.0232863515212642e-05
      },
      "total_latency": {
        "mean": 1.3170168455441793,
        "std": 0.45073186592335646
      }
    }
  }
}