{
  "gsm8k": {
    "random": {
      "count": 50,
      "accuracy": 0.92,
      "tokens": {},
      "response_time": {
        "mean": 2.4895368719100954,
        "std": 0.9602829831014793
      }
    }
  }
}