{
  "combined": {
    "hdbscan": {
      "count": 300,
      "accuracy": 0.8766666666666667,
      "tokens": {},
      "response_time": {
        "mean": 2.7790841285387673,
        "std": 1.0055527283876693
      },
      "selection_time": {
        "mean": 0.00019596099853515624,
        "std": 2.1247202257657435e-05
      },
      "total_latency": {
        "mean": 2.7792800895373024,
        "std": 1.0055547225116723
      }
    }
  }
}