{
  "combined": {
    "kmeans": {
      "count": 300,
      "accuracy": 0.8566666666666667,
      "tokens": {},
      "response_time": {
        "mean": 2.550791005293528,
        "std": 1.184805850788204
      },
      "selection_time": {
        "mean": 8.119265238444011e-05,
        "std": 1.2285132315063405e-05
      },
      "total_latency": {
        "mean": 2.5508721979459126,
        "std": 1.184805599705062
      }
    }
  }
}